gene,log2FoldChange,padj,direction,diagnosis
G0S2,-2.877107957416145,2.3563700807955697e-06,up_in_healthy,Ankylosing_spondylitis
GABARAPL1,-1.0320566689889932,7.220192154701043e-06,up_in_healthy,Ankylosing_spondylitis
UBC,-0.6532926585814605,0.0001059392864849,up_in_healthy,Ankylosing_spondylitis
XKR8,-0.949058072199363,0.0001409561014358,up_in_healthy,Ankylosing_spondylitis
DUSP1,-1.609777041864141,0.0001723640657015,up_in_healthy,Ankylosing_spondylitis
FTH1,-0.8540312792326292,0.0001723640657015,up_in_healthy,Ankylosing_spondylitis
PLAUR,-1.272580780650922,0.0003008457957913,up_in_healthy,Ankylosing_spondylitis
C5AR1,-0.811527344178895,0.0003394681702972,up_in_healthy,Ankylosing_spondylitis
KDSR,0.6113565447953149,0.000340813321877,up_in_disease,Ankylosing_spondylitis
PTPN13,1.3998145196361833,0.0004495285315962,up_in_disease,Ankylosing_spondylitis
GGT1,-0.8203980548980983,0.000450304925145,up_in_healthy,Ankylosing_spondylitis
ITGAX,-0.9721652105316472,0.000450304925145,up_in_healthy,Ankylosing_spondylitis
SCLT1,-0.7518133458534301,0.0004560364302931,up_in_healthy,Ankylosing_spondylitis
JDP2,-0.8352453959202147,0.0004709774778711,up_in_healthy,Ankylosing_spondylitis
TP53INP2,-1.10484473866226,0.0004709774778711,up_in_healthy,Ankylosing_spondylitis
CA4,-1.210116718486789,0.0006107070803059,up_in_healthy,Ankylosing_spondylitis
PILRA,-0.6597400245066966,0.0006107070803059,up_in_healthy,Ankylosing_spondylitis
PLEKHG3,-0.6781579124182858,0.0006107070803059,up_in_healthy,Ankylosing_spondylitis
MAN2A2,-0.6162403530030977,0.0006942059022231,up_in_healthy,Ankylosing_spondylitis
PBX2,-0.5998470185838598,0.0007168217063444,up_in_healthy,Ankylosing_spondylitis
CXCL8,-2.170070718269575,0.0007891273974466,up_in_healthy,Ankylosing_spondylitis
ZDHHC18,-0.623285417936454,0.0008954106357867,up_in_healthy,Ankylosing_spondylitis
IER3,-1.8720822714116288,0.0009408663815357,up_in_healthy,Ankylosing_spondylitis
LST1,-0.7436097438300191,0.0009408663815357,up_in_healthy,Ankylosing_spondylitis
SIGLEC10,-0.8222573706402837,0.0010547194650356,up_in_healthy,Ankylosing_spondylitis
TSPAN18,0.7632832731866914,0.0010703075143519,up_in_disease,Ankylosing_spondylitis
VEGFA,-0.8434702977498177,0.0010703075143519,up_in_healthy,Ankylosing_spondylitis
ARHGAP9,-0.7794423133937297,0.0012046278204303,up_in_healthy,Ankylosing_spondylitis
C10orf54,-0.6142443465103922,0.0012890398647646,up_in_healthy,Ankylosing_spondylitis
MBD6,-0.7310492644410904,0.0012890398647646,up_in_healthy,Ankylosing_spondylitis
SELK,-1.0724544260967013,0.0012890398647646,up_in_healthy,Ankylosing_spondylitis
SLC16A5,-0.6883031734119499,0.0012890398647646,up_in_healthy,Ankylosing_spondylitis
KIAA1257,-0.8114646668279969,0.0013478968226267,up_in_healthy,Ankylosing_spondylitis
DAPK2,-0.8928198624129516,0.0014132687307088,up_in_healthy,Ankylosing_spondylitis
DDIT3,-1.1504357272071013,0.0014132687307088,up_in_healthy,Ankylosing_spondylitis
ICAM3,-0.6571417722975236,0.0014132687307088,up_in_healthy,Ankylosing_spondylitis
RNF19B,-0.7553636338729819,0.0014132687307088,up_in_healthy,Ankylosing_spondylitis
YPEL5,-0.9638867384575616,0.0014339719533589,up_in_healthy,Ankylosing_spondylitis
TMEM204,1.0385458240334673,0.0015699329362205,up_in_disease,Ankylosing_spondylitis
C5AR2,-0.8553839787606412,0.0015702134576129,up_in_healthy,Ankylosing_spondylitis
TAF13,-1.0853972241010803,0.0016295700345286,up_in_healthy,Ankylosing_spondylitis
ANK1,0.9916897431119488,0.0016369930341411,up_in_disease,Ankylosing_spondylitis
MIDN,-0.978165372956912,0.0016369930341411,up_in_healthy,Ankylosing_spondylitis
SLC15A3,-0.7198391305133524,0.001727530515006,up_in_healthy,Ankylosing_spondylitis
GAB2,-0.672484792259228,0.0017430987743034,up_in_healthy,Ankylosing_spondylitis
JMJD6,-1.0830691762162468,0.0017430987743034,up_in_healthy,Ankylosing_spondylitis
MAP1LC3A,-1.3279049225400328,0.0017430987743034,up_in_healthy,Ankylosing_spondylitis
MAP1LC3B,-0.5824773205030634,0.0017430987743034,up_in_healthy,Ankylosing_spondylitis
SNAI1,-2.439410135843237,0.0018529064172494,up_in_healthy,Ankylosing_spondylitis
AMPD2,-0.6315332548698608,0.0019420927498477,up_in_healthy,Ankylosing_spondylitis
OLAH,3.3866273108766305,2.5528476452593514e-09,up_in_disease,Arthropathic_psoriasis
GRB10,1.5790411263164854,2.910990659428944e-05,up_in_disease,Arthropathic_psoriasis
ARG1,2.372735830353542,0.0003792241679928,up_in_disease,Arthropathic_psoriasis
DAAM2,2.3458557296996725,0.000709313920823,up_in_disease,Arthropathic_psoriasis
HAUS3,-0.6596819853507735,0.000709313920823,up_in_healthy,Arthropathic_psoriasis
HDAC4,0.6235893213641103,0.000709313920823,up_in_disease,Arthropathic_psoriasis
HIATL1,0.8032514157846918,0.000709313920823,up_in_disease,Arthropathic_psoriasis
HP,1.6589564777908177,0.000709313920823,up_in_disease,Arthropathic_psoriasis
LPCAT3,0.63895322362157,0.000709313920823,up_in_disease,Arthropathic_psoriasis
LRRN1,1.7012428614198651,0.000709313920823,up_in_disease,Arthropathic_psoriasis
NUDT16,0.8335110436912346,0.000709313920823,up_in_disease,Arthropathic_psoriasis
PHTF1,0.8689650004097763,0.000709313920823,up_in_disease,Arthropathic_psoriasis
SORT1,1.0138220357843917,0.000709313920823,up_in_disease,Arthropathic_psoriasis
SPTLC2,0.6980734821231868,0.000709313920823,up_in_disease,Arthropathic_psoriasis
TLR2,1.1091535025870765,0.000709313920823,up_in_disease,Arthropathic_psoriasis
WDFY3,0.9762232668429568,0.000709313920823,up_in_disease,Arthropathic_psoriasis
ERLIN1,1.022062339331974,0.0010239452463123,up_in_disease,Arthropathic_psoriasis
ACSL1,1.1655406551135217,0.001119214611903,up_in_disease,Arthropathic_psoriasis
AGFG1,0.7213839201307118,0.001119214611903,up_in_disease,Arthropathic_psoriasis
ANXA3,1.3066433825103765,0.001119214611903,up_in_disease,Arthropathic_psoriasis
DHRS13,0.9562182689204366,0.001119214611903,up_in_disease,Arthropathic_psoriasis
HRH2,0.978420215661075,0.001119214611903,up_in_disease,Arthropathic_psoriasis
KCNH7,1.3834290709260924,0.001119214611903,up_in_disease,Arthropathic_psoriasis
MCEMP1,1.3947982247067938,0.001119214611903,up_in_disease,Arthropathic_psoriasis
MMP8,2.5481450130758017,0.001119214611903,up_in_disease,Arthropathic_psoriasis
UPP1,0.875233609891239,0.001119214611903,up_in_disease,Arthropathic_psoriasis
MKNK1,0.7529504803072375,0.0014257321437217,up_in_disease,Arthropathic_psoriasis
CD59,0.8082230009175851,0.0019090258007512,up_in_disease,Arthropathic_psoriasis
TLR4,0.8614772461312344,0.0020964157930434,up_in_disease,Arthropathic_psoriasis
ATP2B4,0.7371914771133711,0.0022362429140596,up_in_disease,Arthropathic_psoriasis
NPIPA1,-1.264324509648768,0.0024462280265127,up_in_healthy,Arthropathic_psoriasis
FAM65B,0.6263539559390771,0.0025987806383885,up_in_disease,Arthropathic_psoriasis
ASPH,0.9480752339775124,0.0026771685292306,up_in_disease,Arthropathic_psoriasis
CARD6,0.9817660507212342,0.0026771685292306,up_in_disease,Arthropathic_psoriasis
RALGAPA2,0.6717808024924409,0.0026771685292306,up_in_disease,Arthropathic_psoriasis
SPICE1,-0.6469289549505564,0.0026771685292306,up_in_healthy,Arthropathic_psoriasis
TLR5,1.0076478585725277,0.0026771685292306,up_in_disease,Arthropathic_psoriasis
TLR8,0.8806451666976469,0.0026771685292306,up_in_disease,Arthropathic_psoriasis
ZNF608,1.209629075236037,0.0026771685292306,up_in_disease,Arthropathic_psoriasis
SH3GLB1,0.6163890665314999,0.0028957332542258,up_in_disease,Arthropathic_psoriasis
TREML2,0.7468456370743137,0.0028957332542258,up_in_disease,Arthropathic_psoriasis
ABCA13,1.977357272919544,0.0029155395203318,up_in_disease,Arthropathic_psoriasis
CPD,0.8095541751360701,0.0029358613261213,up_in_disease,Arthropathic_psoriasis
IRAK3,0.9878222764212488,0.0031016884635995,up_in_disease,Arthropathic_psoriasis
SDE2,-0.658047434933825,0.0031016884635995,up_in_healthy,Arthropathic_psoriasis
BTG3,-1.091295127539615,0.0031114483577895,up_in_healthy,Arthropathic_psoriasis
ELANE,1.9303241882996405,0.0031114483577895,up_in_disease,Arthropathic_psoriasis
AZU1,1.798786190960674,0.0036329020005996,up_in_disease,Arthropathic_psoriasis
APMAP,0.6803437302737303,0.003650454829197,up_in_disease,Arthropathic_psoriasis
NEDD9,0.6450063222527654,0.003650454829197,up_in_disease,Arthropathic_psoriasis
TBC1D3K,22.992689568196887,3.1661347644639043e-17,up_in_disease,Crohn_disease
BZRAP1,-1.3431697092032453,4.360915767120893e-06,up_in_healthy,Crohn_disease
OAZ1,0.8775936779924193,5.9170312493701615e-06,up_in_disease,Crohn_disease
PRRG4,1.398122896422752,4.9043881206781554e-05,up_in_disease,Crohn_disease
ANKRD22,2.562436535469226,7.381747051280633e-05,up_in_disease,Crohn_disease
C4BPA,3.3731859749759336,9.019038663282066e-05,up_in_disease,Crohn_disease
DFNB31,-1.029066205376402,9.019038663282066e-05,up_in_healthy,Crohn_disease
C15orf62,-0.7404688368848068,0.0001034121618951,up_in_healthy,Crohn_disease
FCGR1A,2.0939708316828995,0.0001581520354504,up_in_disease,Crohn_disease
EIF4E3,0.969924810499354,0.0001805414142633,up_in_disease,Crohn_disease
UBE2D1,1.2071477451697743,0.0001805414142633,up_in_disease,Crohn_disease
COL5A2,-1.5432243480227616,0.0002250178526801,up_in_healthy,Crohn_disease
LTA4H,0.7842200356976415,0.0002342365285908,up_in_disease,Crohn_disease
FLT4,-1.117888677957184,0.000257040073742,up_in_healthy,Crohn_disease
SNX10,1.0478865882476591,0.000257040073742,up_in_disease,Crohn_disease
ROPN1L,1.6531350360139931,0.0003013380661097,up_in_disease,Crohn_disease
KREMEN1,1.9917418280755124,0.0003160865374971,up_in_disease,Crohn_disease
SMIM3,0.8510410824513951,0.0003160865374971,up_in_disease,Crohn_disease
TRAV1-2,-1.0242874898666163,0.0003290964046169,up_in_healthy,Crohn_disease
ANP32A,0.6448679969199507,0.0003344584934534,up_in_disease,Crohn_disease
TMEM165,0.7776973886226408,0.0003344584934534,up_in_disease,Crohn_disease
CREG1,0.7570915876668506,0.000348217117137,up_in_disease,Crohn_disease
ELOVL7,1.2608871018909824,0.000348217117137,up_in_disease,Crohn_disease
LHFPL2,1.013945360849582,0.000348217117137,up_in_disease,Crohn_disease
LPCAT2,1.1356714999046762,0.000348217117137,up_in_disease,Crohn_disease
SLC26A8,2.014282257379704,0.000348217117137,up_in_disease,Crohn_disease
ITPR3,-0.6365593181512601,0.0004044778593851,up_in_healthy,Crohn_disease
LIM2,-1.5708270639667532,0.0004044778593851,up_in_healthy,Crohn_disease
SLC2A14,2.782942124929616,0.0004044778593851,up_in_disease,Crohn_disease
SNED1,-0.8670742514323587,0.0004044778593851,up_in_healthy,Crohn_disease
BMX,1.865960094676004,0.0004670327239906,up_in_disease,Crohn_disease
SH3BGRL2,1.0866681227015234,0.0004806863145232,up_in_disease,Crohn_disease
GCA,1.3558541941225095,0.0004933807632471,up_in_disease,Crohn_disease
PRKAR2B,1.1429667654714826,0.0004975189879313,up_in_disease,Crohn_disease
ADAMTS2,4.685240841394211,0.0005587110625206,up_in_disease,Crohn_disease
DDIAS,0.9405583344826604,0.0005587110625206,up_in_disease,Crohn_disease
BLOC1S5-TXNDC5,1.8569196789397169,0.0005877871871005,up_in_disease,Crohn_disease
FCGR1B,1.6242840372538836,0.0005877871871005,up_in_disease,Crohn_disease
LMNB1,1.127167737563137,0.0005877871871005,up_in_disease,Crohn_disease
ACSL4,0.8993922966684909,0.0005906226840356,up_in_disease,Crohn_disease
CAPZA2,1.1673395406491824,0.0005906226840356,up_in_disease,Crohn_disease
FBXL5,0.9207138513992515,0.0005906226840356,up_in_disease,Crohn_disease
LTK,-1.0690969547210167,0.0005906226840356,up_in_healthy,Crohn_disease
MAPK14,1.1029413994052968,0.0005906226840356,up_in_disease,Crohn_disease
MMP9,2.261143934067533,0.0005906226840356,up_in_disease,Crohn_disease
PGM2,0.6997983813311376,0.0005906226840356,up_in_disease,Crohn_disease
PYGL,1.270616433696346,0.0005906226840356,up_in_disease,Crohn_disease
QPCT,1.339456177499602,0.0005906226840356,up_in_disease,Crohn_disease
RNF11,1.0048932045340986,0.0005906226840356,up_in_disease,Crohn_disease
S100A12,1.709015330673149,0.0005906226840356,up_in_disease,Crohn_disease
RPS4Y1,26.375150562096533,6.123322626186208e-45,up_in_disease,Juvenile_idiopathic_arthritis
CXCL8,6.893816154705513,1.2902170477333653e-19,up_in_disease,Juvenile_idiopathic_arthritis
TBC1D3K,20.759690375085263,3.642367698605905e-18,up_in_disease,Juvenile_idiopathic_arthritis
G0S2,5.619323176866454,5.595468808066685e-17,up_in_disease,Juvenile_idiopathic_arthritis
USP9Y,24.48870378721388,1.567192667525444e-12,up_in_disease,Juvenile_idiopathic_arthritis
MALAT1,22.28960750384917,3.489065466026724e-12,up_in_disease,Juvenile_idiopathic_arthritis
KDM5D,6.5370413725698215,5.02983487686398e-12,up_in_disease,Juvenile_idiopathic_arthritis
SOCS3,3.0023985984440147,2.6998722644846828e-11,up_in_disease,Juvenile_idiopathic_arthritis
EIF1AY,22.97602455196222,3.5700530627804674e-11,up_in_disease,Juvenile_idiopathic_arthritis
DDX3Y,9.72102102582257,3.7462765470699513e-10,up_in_disease,Juvenile_idiopathic_arthritis
AREG,4.082338393281524,1.412211534443775e-09,up_in_disease,Juvenile_idiopathic_arthritis
OSM,2.639068982166069,1.412211534443775e-09,up_in_disease,Juvenile_idiopathic_arthritis
CXCL1,3.950867813478177,3.296611537827988e-09,up_in_disease,Juvenile_idiopathic_arthritis
JUNB,1.8026430338316783,3.296611537827988e-09,up_in_disease,Juvenile_idiopathic_arthritis
NR4A2,3.084018482715387,2.230639427395441e-08,up_in_disease,Juvenile_idiopathic_arthritis
PTGS2,3.348998085980756,2.230639427395441e-08,up_in_disease,Juvenile_idiopathic_arthritis
CXCL2,5.035294436878435,2.255841324528576e-08,up_in_disease,Juvenile_idiopathic_arthritis
EGR1,4.4588606662112085,2.6673907129323152e-08,up_in_disease,Juvenile_idiopathic_arthritis
DUSP1,2.530955988836277,4.9788442203012024e-08,up_in_disease,Juvenile_idiopathic_arthritis
CCL3,4.980828931767914,6.106605491586955e-08,up_in_disease,Juvenile_idiopathic_arthritis
RGS1,2.182375964351353,1.588660167793475e-07,up_in_disease,Juvenile_idiopathic_arthritis
UTY,6.609608108314049,1.646243083095059e-07,up_in_disease,Juvenile_idiopathic_arthritis
ID1,3.067314069500879,2.019183044197822e-07,up_in_disease,Juvenile_idiopathic_arthritis
DRAXIN,-1.5134536013529312,7.10236112683637e-07,up_in_healthy,Juvenile_idiopathic_arthritis
SNAI1,2.728324123343876,7.692394550252322e-07,up_in_disease,Juvenile_idiopathic_arthritis
FOS,2.198004914739756,1.7497980564637312e-06,up_in_disease,Juvenile_idiopathic_arthritis
JUN,2.3779530403773457,2.133349212375077e-06,up_in_disease,Juvenile_idiopathic_arthritis
HBEGF,2.859122871623605,2.55943375064372e-06,up_in_disease,Juvenile_idiopathic_arthritis
CD69,1.329586777112851,3.621563109600773e-06,up_in_disease,Juvenile_idiopathic_arthritis
LIM2,-1.5738768473325375,3.633500568284e-06,up_in_healthy,Juvenile_idiopathic_arthritis
NFKBIA,3.135933821617091,3.8137129664294464e-06,up_in_disease,Juvenile_idiopathic_arthritis
ERBB2,-1.0242507686231856,5.386766863504883e-06,up_in_healthy,Juvenile_idiopathic_arthritis
EREG,2.6653039301899075,6.936072779490692e-06,up_in_disease,Juvenile_idiopathic_arthritis
ADM,2.14022998427832,1.2089877802618873e-05,up_in_disease,Juvenile_idiopathic_arthritis
NKG7,-1.13399112240234,1.2295246606593697e-05,up_in_healthy,Juvenile_idiopathic_arthritis
CSRNP1,1.616026524644489,1.2880742196087865e-05,up_in_disease,Juvenile_idiopathic_arthritis
FOSB,2.6644090185083407,1.2880742196087865e-05,up_in_disease,Juvenile_idiopathic_arthritis
EAF2,0.6818319968343258,1.5899735152306436e-05,up_in_disease,Juvenile_idiopathic_arthritis
CERCAM,-1.2892607338364113,1.872068188444496e-05,up_in_healthy,Juvenile_idiopathic_arthritis
NCR3,-0.9014110632798996,1.919729582614776e-05,up_in_healthy,Juvenile_idiopathic_arthritis
ADRB2,-0.6048229993880198,2.921293202556225e-05,up_in_healthy,Juvenile_idiopathic_arthritis
RUNX3,-0.6181104602181571,2.921293202556225e-05,up_in_healthy,Juvenile_idiopathic_arthritis
TBX21,-0.9756638215531852,2.921293202556225e-05,up_in_healthy,Juvenile_idiopathic_arthritis
NMUR1,-1.157865891069783,3.348180551682322e-05,up_in_healthy,Juvenile_idiopathic_arthritis
RHOC,-0.7603772546641397,3.348180551682322e-05,up_in_healthy,Juvenile_idiopathic_arthritis
BZRAP1,-1.0363278193095842,3.4456240107011994e-05,up_in_healthy,Juvenile_idiopathic_arthritis
GPR153,-1.1450589590787903,3.4456240107011994e-05,up_in_healthy,Juvenile_idiopathic_arthritis
GPR68,-0.7548230244653807,3.4456240107011994e-05,up_in_healthy,Juvenile_idiopathic_arthritis
NFIL3,1.436286602136012,3.625079032520115e-05,up_in_disease,Juvenile_idiopathic_arthritis
DUSP2,1.977325270222337,3.765806283048384e-05,up_in_disease,Juvenile_idiopathic_arthritis
DDX43,-1.529391947785038,0.0005597668967676,up_in_healthy,Psoriasis
KRT72,-1.542391663134218,0.0005597668967676,up_in_healthy,Psoriasis
SOCS3,1.7565437944145863,0.0005972117437077,up_in_disease,Psoriasis
CASP5,1.4591100801481025,0.0012726745807016,up_in_disease,Psoriasis
SYCP2L,-2.238250755791913,0.0017126125040491,up_in_healthy,Psoriasis
SIGLEC12,-3.187470984749259,0.003420372518451,up_in_healthy,Psoriasis
ANGPT1,-1.1414348770106273,0.0088601054816114,up_in_healthy,Psoriasis
CDK5R1,-0.9191180224001448,0.0099317726758952,up_in_healthy,Psoriasis
DGKG,-0.6102267970411986,0.0106050148846197,up_in_healthy,Psoriasis
HPD,-2.0268133373884387,0.0109987325009263,up_in_healthy,Psoriasis
DTX4,-0.8988421483614135,0.0113639902583242,up_in_healthy,Psoriasis
FCGR1A,1.3918412463953258,0.0207124807956637,up_in_disease,Psoriasis
CCDC170,-0.7379363196322051,0.0330199341037354,up_in_healthy,Psoriasis
TMEM158,1.5528701476032227,0.0330199341037354,up_in_disease,Psoriasis
C1QB,1.7763033630853111,0.034126592125389,up_in_disease,Psoriasis
C4BPA,-2.962172175143779,0.0352173591336185,up_in_healthy,Psoriasis
CSRNP1,0.7816374111073471,0.0352173591336185,up_in_disease,Psoriasis
FCGR1B,1.166435864994282,0.0352173591336185,up_in_disease,Psoriasis
TACSTD2,-1.77627107515079,0.0367674036825399,up_in_healthy,Psoriasis
C1QA,1.1966022193336383,0.0376651615188794,up_in_disease,Psoriasis
TRBV12-4,0.8338588097146725,0.0434644439068961,up_in_disease,Psoriasis
COLGALT2,-1.238469380020103,0.0473288567658542,up_in_healthy,Psoriasis
GPX3,-0.942681766882228,0.0473288567658542,up_in_healthy,Psoriasis
SPP1,-1.527694459023292,0.0473288567658542,up_in_healthy,Psoriasis
IGLV7-43,-1.1990450204093124,0.0496094978988639,up_in_healthy,Psoriasis
TEX101,2.6086728426994834,1.2201049388604174e-05,up_in_disease,Relapsing-remitting_multiple_sclerosis
DAAM2,3.702492842345313,1.2326211351667537e-05,up_in_disease,Relapsing-remitting_multiple_sclerosis
OTX1,1.4963313190953664,1.2326211351667537e-05,up_in_disease,Relapsing-remitting_multiple_sclerosis
COL5A2,-2.691318407693659,2.4993473885660374e-05,up_in_healthy,Relapsing-remitting_multiple_sclerosis
PRDM5,1.004299534663105,0.000100858191142,up_in_disease,Relapsing-remitting_multiple_sclerosis
STX11,0.7452199110480517,0.0001406870585543,up_in_disease,Relapsing-remitting_multiple_sclerosis
TMCC3,0.7772026274244704,0.0001406870585543,up_in_disease,Relapsing-remitting_multiple_sclerosis
CD160,-0.5807534253602972,0.0001463636792597,up_in_healthy,Relapsing-remitting_multiple_sclerosis
AP5B1,0.7124019894570143,0.0001647895236736,up_in_disease,Relapsing-remitting_multiple_sclerosis
ALOX5AP,1.0279571764732691,0.0001695415363201,up_in_disease,Relapsing-remitting_multiple_sclerosis
ZNF853,-0.6753396692797027,0.0001826435648075,up_in_healthy,Relapsing-remitting_multiple_sclerosis
CXCR4,0.7717984113143629,0.0001956945616086,up_in_disease,Relapsing-remitting_multiple_sclerosis
BMX,1.2976955074412064,0.0001992960272168,up_in_disease,Relapsing-remitting_multiple_sclerosis
FST,-1.626804174930476,0.0003686641444662,up_in_healthy,Relapsing-remitting_multiple_sclerosis
ARG1,1.941648851053258,0.0003903111266961,up_in_disease,Relapsing-remitting_multiple_sclerosis
C12orf75,-0.7386873975645339,0.0004144513219851,up_in_healthy,Relapsing-remitting_multiple_sclerosis
C5AR1,0.6396038941547024,0.0004144513219851,up_in_disease,Relapsing-remitting_multiple_sclerosis
ORAI2,0.5994597210818868,0.0004144513219851,up_in_disease,Relapsing-remitting_multiple_sclerosis
TRIM10,-1.4990510501896046,0.0004379516757488,up_in_healthy,Relapsing-remitting_multiple_sclerosis
HMGB2,0.9974696973764698,0.0004598100270406,up_in_disease,Relapsing-remitting_multiple_sclerosis
NFATC2,-0.6938641222071055,0.0004598100270406,up_in_healthy,Relapsing-remitting_multiple_sclerosis
NFIL3,1.0193854221665364,0.0004692568263802,up_in_disease,Relapsing-remitting_multiple_sclerosis
HAL,0.8718603429911357,0.0004938969392637,up_in_disease,Relapsing-remitting_multiple_sclerosis
CLEC4E,1.321284781170164,0.0005375232846958,up_in_disease,Relapsing-remitting_multiple_sclerosis
MAOA,2.5003234016175924,0.0005860836356079,up_in_disease,Relapsing-remitting_multiple_sclerosis
LAMA2,-0.7868671150063038,0.0006097339491485,up_in_healthy,Relapsing-remitting_multiple_sclerosis
ZBTB9,-0.6200557518307854,0.0006097339491485,up_in_healthy,Relapsing-remitting_multiple_sclerosis
GABARAPL1,0.7493412167376576,0.0006249577797384,up_in_disease,Relapsing-remitting_multiple_sclerosis
TRGV3,-1.2628036265112006,0.0008504053974024,up_in_healthy,Relapsing-remitting_multiple_sclerosis
CCNA1,1.1846043680450289,0.0008604693940745,up_in_disease,Relapsing-remitting_multiple_sclerosis
FAM83G,-0.6658708599437797,0.0009614184185889,up_in_healthy,Relapsing-remitting_multiple_sclerosis
C4BPA,1.6602338462040098,0.0010435961216593,up_in_disease,Relapsing-remitting_multiple_sclerosis
ASAH1,0.6407468051245737,0.0010755162004297,up_in_disease,Relapsing-remitting_multiple_sclerosis
BCAT1,0.9029950157537336,0.0010755162004297,up_in_disease,Relapsing-remitting_multiple_sclerosis
RSC1A1,-0.9571186051886582,0.0010809525419964,up_in_healthy,Relapsing-remitting_multiple_sclerosis
PROB1,-0.6119460674787144,0.0010827886633491,up_in_healthy,Relapsing-remitting_multiple_sclerosis
BCL2A1,0.9449347637295712,0.0011283391529141,up_in_disease,Relapsing-remitting_multiple_sclerosis
TBC1D19,-0.6639274715887394,0.0011283391529141,up_in_healthy,Relapsing-remitting_multiple_sclerosis
CSTA,0.5889754171871787,0.001156043835561,up_in_disease,Relapsing-remitting_multiple_sclerosis
LTB4R,0.7093337310415474,0.001156043835561,up_in_disease,Relapsing-remitting_multiple_sclerosis
ST6GALNAC3,0.9995492161263432,0.001156043835561,up_in_disease,Relapsing-remitting_multiple_sclerosis
SFRP1,2.8976183175363013,0.0012082742562969,up_in_disease,Relapsing-remitting_multiple_sclerosis
GRHL2,-1.204282159309534,0.0012129019448021,up_in_healthy,Relapsing-remitting_multiple_sclerosis
PADI4,0.8731917428112682,0.0012134685294455,up_in_disease,Relapsing-remitting_multiple_sclerosis
GAB2,0.6071599775217178,0.0012743060612679,up_in_disease,Relapsing-remitting_multiple_sclerosis
PTPRM,-0.955014059875324,0.0012743060612679,up_in_healthy,Relapsing-remitting_multiple_sclerosis
TNFRSF12A,0.5892721372863203,0.0013004653997968,up_in_disease,Relapsing-remitting_multiple_sclerosis
QPCT,0.8640351899788619,0.0013096540058021,up_in_disease,Relapsing-remitting_multiple_sclerosis
STS,0.8829980643717078,0.001314284597986,up_in_disease,Relapsing-remitting_multiple_sclerosis
NTNG2,0.7433815423563532,0.0014108763555791,up_in_disease,Relapsing-remitting_multiple_sclerosis
MALAT1,30.0,1.6143751925726762e-20,up_in_disease,Rheumatoid_arthritis
PCSK5,2.331537975967556,7.558059240252328e-13,up_in_disease,Rheumatoid_arthritis
C1orf162,0.8129238186513087,2.425281809478598e-10,up_in_disease,Rheumatoid_arthritis
KLHL36,-0.7296357662570016,1.2149887709657558e-09,up_in_healthy,Rheumatoid_arthritis
SH3BGRL3,0.9547892864402316,2.7798491479095204e-09,up_in_disease,Rheumatoid_arthritis
ZNF608,1.3923517451148963,4.784889271298032e-08,up_in_disease,Rheumatoid_arthritis
SRRM2,0.986115010062871,1.3677837734523477e-07,up_in_disease,Rheumatoid_arthritis
TOB1,0.6908982795212469,1.934740511366028e-07,up_in_disease,Rheumatoid_arthritis
MUC3A,2.7253196963541386,2.200586516378873e-07,up_in_disease,Rheumatoid_arthritis
ADAMTS2,2.7864719807884635,3.739724469490138e-07,up_in_disease,Rheumatoid_arthritis
AC241585.2,-0.587580095771392,5.640270471566494e-07,up_in_healthy,Rheumatoid_arthritis
OLAH,2.0390215285124995,6.295068888774287e-07,up_in_disease,Rheumatoid_arthritis
ATF7,0.6811978121684553,9.071564210822542e-07,up_in_disease,Rheumatoid_arthritis
MUC16,1.566283777097652,9.071564210822542e-07,up_in_disease,Rheumatoid_arthritis
SNRNP27,0.7201769448289455,9.071564210822542e-07,up_in_disease,Rheumatoid_arthritis
CYP1B1,1.7074191365691251,1.069558618757473e-06,up_in_disease,Rheumatoid_arthritis
DAAM2,2.276751344165241,1.2184048350750786e-06,up_in_disease,Rheumatoid_arthritis
MAB21L3,0.5842840701807127,1.7617531041983194e-06,up_in_disease,Rheumatoid_arthritis
MPV17L,0.6013353514424727,1.9943404420378006e-06,up_in_disease,Rheumatoid_arthritis
SAP25,1.1945253662879365,2.2356440298651973e-06,up_in_disease,Rheumatoid_arthritis
ALKBH7,-0.7356554055522198,2.266770289695294e-06,up_in_healthy,Rheumatoid_arthritis
EVI2B,0.9128890251974152,2.970375766189089e-06,up_in_disease,Rheumatoid_arthritis
UFSP1,-0.7775349147944719,3.0462234491677235e-06,up_in_healthy,Rheumatoid_arthritis
LILRB2,0.8626735202901935,3.448954377232048e-06,up_in_disease,Rheumatoid_arthritis
EDN1,1.970385681355471,4.499689070416379e-06,up_in_disease,Rheumatoid_arthritis
POU2F2,0.7674468559593282,5.135024539897645e-06,up_in_disease,Rheumatoid_arthritis
SLC35E2,-0.6531677958551863,5.5467738064558605e-06,up_in_healthy,Rheumatoid_arthritis
FKBP5,1.2188732375819922,5.5646618691556846e-06,up_in_disease,Rheumatoid_arthritis
GRB10,1.1410552478695724,5.5646618691556846e-06,up_in_disease,Rheumatoid_arthritis
CR1,0.6944877249203844,5.786289694362354e-06,up_in_disease,Rheumatoid_arthritis
EMD,0.7531289857296037,6.057588681767674e-06,up_in_disease,Rheumatoid_arthritis
FXYD5,0.6027612843710827,6.057588681767674e-06,up_in_disease,Rheumatoid_arthritis
GABRP,1.249396772524883,6.057588681767674e-06,up_in_disease,Rheumatoid_arthritis
NDP,2.2523328527160054,8.255529313880712e-06,up_in_disease,Rheumatoid_arthritis
PCDH17,1.0951477601728734,1.0535433785953148e-05,up_in_disease,Rheumatoid_arthritis
UCP2,0.753940413339644,1.2807154931357314e-05,up_in_disease,Rheumatoid_arthritis
SIVA1,-0.7342909624005892,1.6034881953390252e-05,up_in_healthy,Rheumatoid_arthritis
NPIPA1,3.9775157778150736,1.6337408008968486e-05,up_in_disease,Rheumatoid_arthritis
MBD6,0.9742190747988052,2.474674685140044e-05,up_in_disease,Rheumatoid_arthritis
MUC5AC,2.6492017338889964,2.5452477013754708e-05,up_in_disease,Rheumatoid_arthritis
MGAM2,0.9208913981022512,2.630129698399508e-05,up_in_disease,Rheumatoid_arthritis
DVL3,0.6280400298766337,2.847214716327744e-05,up_in_disease,Rheumatoid_arthritis
TYSND1,-0.7373415892833739,3.323894545081452e-05,up_in_healthy,Rheumatoid_arthritis
ADGRG1,1.1230451793185052,3.342062411121477e-05,up_in_disease,Rheumatoid_arthritis
AC006449.1,1.0128736696074516,3.355856587028332e-05,up_in_disease,Rheumatoid_arthritis
AC006449.2,1.0128736696074516,3.355856587028332e-05,up_in_disease,Rheumatoid_arthritis
F5,0.67991514547203,3.693393669309568e-05,up_in_disease,Rheumatoid_arthritis
PATE2,0.6060225936436505,4.353179294074472e-05,up_in_disease,Rheumatoid_arthritis
TPP1,0.8958354132337413,4.353179294074472e-05,up_in_disease,Rheumatoid_arthritis
NPIPB11,-0.8024276325676598,4.625958898418395e-05,up_in_healthy,Rheumatoid_arthritis
AP5B1,0.6237155437907382,0.0001363538091381,up_in_disease,Secondary_progressive_multiple_sclerosis
PLAUR,0.7670624129047532,0.0004298964407222,up_in_disease,Secondary_progressive_multiple_sclerosis
PCTP,0.6239478746927454,0.0004398799517919,up_in_disease,Secondary_progressive_multiple_sclerosis
AFF2,0.8082229872616541,0.0004600786360187,up_in_disease,Secondary_progressive_multiple_sclerosis
FCAR,0.7265905975890924,0.0010561287119061,up_in_disease,Secondary_progressive_multiple_sclerosis
MS4A3,1.3761882379798225,0.0010561287119061,up_in_disease,Secondary_progressive_multiple_sclerosis
TNFRSF12A,0.8320674966369191,0.0010561287119061,up_in_disease,Secondary_progressive_multiple_sclerosis
SPATA2L,0.7029599140566454,0.0011200262244737,up_in_disease,Secondary_progressive_multiple_sclerosis
CKLF,0.5842753105428633,0.0012386538457373,up_in_disease,Secondary_progressive_multiple_sclerosis
RAB13,0.610182035327723,0.0013653796573711,up_in_disease,Secondary_progressive_multiple_sclerosis
S100A9,0.7581567029166808,0.0013653796573711,up_in_disease,Secondary_progressive_multiple_sclerosis
NFAM1,0.5997253948165434,0.0016447221682451,up_in_disease,Secondary_progressive_multiple_sclerosis
LRRC7,-1.816839571345929,0.0017056082666322,up_in_healthy,Secondary_progressive_multiple_sclerosis
C5AR1,0.6248790871714371,0.001746549788729,up_in_disease,Secondary_progressive_multiple_sclerosis
COL5A2,-2.86094663575306,0.001746549788729,up_in_healthy,Secondary_progressive_multiple_sclerosis
GLUL,0.6668708593944137,0.001746549788729,up_in_disease,Secondary_progressive_multiple_sclerosis
TAS2R19,-0.5871336569643049,0.001746549788729,up_in_healthy,Secondary_progressive_multiple_sclerosis
FAM53C,0.6067627572762659,0.0017857889160145,up_in_disease,Secondary_progressive_multiple_sclerosis
IL18RAP,0.8101664057589932,0.0019397728146146,up_in_disease,Secondary_progressive_multiple_sclerosis
IRF9,0.6592241625490463,0.0020553727738427,up_in_disease,Secondary_progressive_multiple_sclerosis
SECTM1,0.5917811827061114,0.0021697630278288,up_in_disease,Secondary_progressive_multiple_sclerosis
ALOX5AP,0.7403960442564853,0.0022565757664254,up_in_disease,Secondary_progressive_multiple_sclerosis
CLEC4E,0.8265735198983646,0.0022799485348937,up_in_disease,Secondary_progressive_multiple_sclerosis
S100A8,0.7364786924677549,0.0022799485348937,up_in_disease,Secondary_progressive_multiple_sclerosis
GPR52,-0.7247575324866565,0.0023536514733692,up_in_healthy,Secondary_progressive_multiple_sclerosis
ELF5,-0.7544450645820489,0.0024120186666324,up_in_healthy,Secondary_progressive_multiple_sclerosis
GABARAPL1,0.6298846479459997,0.0025938897032338,up_in_disease,Secondary_progressive_multiple_sclerosis
PHC2,0.5934069707199394,0.0028015746952466,up_in_disease,Secondary_progressive_multiple_sclerosis
FPR1,0.6814500310796164,0.0029718091214998,up_in_disease,Secondary_progressive_multiple_sclerosis
CDRT15,-0.7346152482206434,0.0033880275766006,up_in_healthy,Secondary_progressive_multiple_sclerosis
BCL2A1,0.6734917118739775,0.0035934510831746,up_in_disease,Secondary_progressive_multiple_sclerosis
GJB7,-0.6909195170530011,0.0037557390489238,up_in_healthy,Secondary_progressive_multiple_sclerosis
CSTA,0.6455182693301501,0.0037579674283944,up_in_disease,Secondary_progressive_multiple_sclerosis
SRGN,0.5870069979000505,0.0038097849488984,up_in_disease,Secondary_progressive_multiple_sclerosis
FST,-1.77347879673702,0.0039111421434391,up_in_healthy,Secondary_progressive_multiple_sclerosis
TRAJ22,-0.669094689493185,0.0039287242936297,up_in_healthy,Secondary_progressive_multiple_sclerosis
PEX5L,-0.8125863855065018,0.0040203391595015,up_in_healthy,Secondary_progressive_multiple_sclerosis
CDC42EP2,0.6173237984035791,0.0041462021515608,up_in_disease,Secondary_progressive_multiple_sclerosis
LAMA2,-0.8453217774651874,0.0041462021515608,up_in_healthy,Secondary_progressive_multiple_sclerosis
FILIP1L,-0.6560682307281973,0.00419115918822,up_in_healthy,Secondary_progressive_multiple_sclerosis
KLHL32,-0.6485263346624259,0.00445807054033,up_in_healthy,Secondary_progressive_multiple_sclerosis
QPCT,0.7783754956284897,0.00445807054033,up_in_disease,Secondary_progressive_multiple_sclerosis
HIVEP3,-0.8299312987777197,0.0045632730666292,up_in_healthy,Secondary_progressive_multiple_sclerosis
SCNN1A,0.6652685237993108,0.0048992690694465,up_in_disease,Secondary_progressive_multiple_sclerosis
LMOD2,-1.261908147866914,0.0055170991507344,up_in_healthy,Secondary_progressive_multiple_sclerosis
BMX,0.8508969548589502,0.006220515434017,up_in_disease,Secondary_progressive_multiple_sclerosis
IL12RB2,-0.7002837138376755,0.0062878699046169,up_in_healthy,Secondary_progressive_multiple_sclerosis
GPR135,-0.6793327363408264,0.0063254627241041,up_in_healthy,Secondary_progressive_multiple_sclerosis
ADAM20,-0.7511184451297972,0.0069683821339154,up_in_healthy,Secondary_progressive_multiple_sclerosis
ARG1,1.2084499558491824,0.0069854359144113,up_in_disease,Secondary_progressive_multiple_sclerosis
FAM83A,7.266843837755648,4.645660850887425e-19,up_in_disease,Systemic_inflammatory_response_syndrome
ARHGAP33,-1.5997073733557052,1.2300826415327047e-16,up_in_healthy,Systemic_inflammatory_response_syndrome
CHP1,0.9623553886312982,3.039998821701033e-16,up_in_disease,Systemic_inflammatory_response_syndrome
CA1,6.043110216967079,4.868377159193715e-15,up_in_disease,Systemic_inflammatory_response_syndrome
OSBP2,4.253032184522586,4.868377159193715e-15,up_in_disease,Systemic_inflammatory_response_syndrome
PLBD1,1.6455011423218018,4.868377159193715e-15,up_in_disease,Systemic_inflammatory_response_syndrome
MLLT6,-1.2674948222486369,1.2451804822128664e-14,up_in_healthy,Systemic_inflammatory_response_syndrome
KLF1,4.024326028977988,1.3698985564481674e-14,up_in_disease,Systemic_inflammatory_response_syndrome
ANKRD9,3.363753154685431,7.06790386513079e-14,up_in_disease,Systemic_inflammatory_response_syndrome
FAM134A,1.166551461743916,7.06790386513079e-14,up_in_disease,Systemic_inflammatory_response_syndrome
GLRX5,3.8695817099036094,7.06790386513079e-14,up_in_disease,Systemic_inflammatory_response_syndrome
SLC14A1,3.787347500120848,7.06790386513079e-14,up_in_disease,Systemic_inflammatory_response_syndrome
BPGM,4.849413318294869,1.3485751839279272e-13,up_in_disease,Systemic_inflammatory_response_syndrome
POM121,-1.1920131197066035,1.3600260401646297e-13,up_in_healthy,Systemic_inflammatory_response_syndrome
ADAMTS2,4.735090094585825,2.5544671406685896e-13,up_in_disease,Systemic_inflammatory_response_syndrome
LENG8,-1.0656244501914192,4.5294902704417483e-13,up_in_healthy,Systemic_inflammatory_response_syndrome
PINK1,2.169215546281703,5.708040722459811e-13,up_in_disease,Systemic_inflammatory_response_syndrome
SPTB,3.825134909183596,5.708040722459811e-13,up_in_disease,Systemic_inflammatory_response_syndrome
BZRAP1,-1.907343535960236,7.551958598862083e-13,up_in_healthy,Systemic_inflammatory_response_syndrome
DCAF12,3.5924434089154595,7.551958598862083e-13,up_in_disease,Systemic_inflammatory_response_syndrome
GMPR,3.842462180892696,7.551958598862083e-13,up_in_disease,Systemic_inflammatory_response_syndrome
TMCC2,3.868964084052848,7.551958598862083e-13,up_in_disease,Systemic_inflammatory_response_syndrome
SLC6A9,4.09850951117735,8.15435793720524e-13,up_in_disease,Systemic_inflammatory_response_syndrome
FAM46C,3.919058192440647,9.427508417704097e-13,up_in_disease,Systemic_inflammatory_response_syndrome
OLAH,4.193946700994892,9.427508417704097e-13,up_in_disease,Systemic_inflammatory_response_syndrome
RIOK3,3.595016995442012,9.427508417704097e-13,up_in_disease,Systemic_inflammatory_response_syndrome
MAP2K3,2.27025349260379,1.4825450495567093e-12,up_in_disease,Systemic_inflammatory_response_syndrome
ACAD11,-5.159743950828432,1.6232986746752569e-12,up_in_healthy,Systemic_inflammatory_response_syndrome
SIAH2,3.206168532304355,1.8248903113962847e-12,up_in_disease,Systemic_inflammatory_response_syndrome
DAGLA,-23.073928635214703,2.0508876904755543e-12,up_in_healthy,Systemic_inflammatory_response_syndrome
YOD1,3.8473217837550417,2.587869310661092e-12,up_in_disease,Systemic_inflammatory_response_syndrome
ARG1,3.2400766218015526,3.1722890988944653e-12,up_in_disease,Systemic_inflammatory_response_syndrome
TRIM58,3.547139262504857,3.1722890988944653e-12,up_in_disease,Systemic_inflammatory_response_syndrome
AHSP,4.631212386614875,3.261499520905424e-12,up_in_disease,Systemic_inflammatory_response_syndrome
GADD45A,2.5734378392493653,3.447518370146778e-12,up_in_disease,Systemic_inflammatory_response_syndrome
MCOLN1,1.9801978482455864,3.447518370146778e-12,up_in_disease,Systemic_inflammatory_response_syndrome
MXI1,3.632346437361522,3.447518370146778e-12,up_in_disease,Systemic_inflammatory_response_syndrome
RNF10,2.902292860046646,3.447518370146778e-12,up_in_disease,Systemic_inflammatory_response_syndrome
MPP1,2.517591391183553,3.5541476933194548e-12,up_in_disease,Systemic_inflammatory_response_syndrome
RPL34,-2.9558020692674707,3.658688665565333e-12,up_in_healthy,Systemic_inflammatory_response_syndrome
ATHL1,-1.106777342524469,3.7793078264295086e-12,up_in_healthy,Systemic_inflammatory_response_syndrome
GAS8,-5.317596364323602,3.7793078264295086e-12,up_in_healthy,Systemic_inflammatory_response_syndrome
TFDP1,3.140502337467244,3.9421766164039424e-12,up_in_disease,Systemic_inflammatory_response_syndrome
CD63,1.2733005351225952,6.150141643438815e-12,up_in_disease,Systemic_inflammatory_response_syndrome
IFIT1B,4.939533773064395,6.4356226998978076e-12,up_in_disease,Systemic_inflammatory_response_syndrome
MAP1LC3B2,2.467208660854159,6.4356226998978076e-12,up_in_disease,Systemic_inflammatory_response_syndrome
HBD,4.120952326744514,6.441656435456535e-12,up_in_disease,Systemic_inflammatory_response_syndrome
ANK1,3.373442847258457,7.498863919038767e-12,up_in_disease,Systemic_inflammatory_response_syndrome
FOXO3,2.729538154384668,8.26992948607944e-12,up_in_disease,Systemic_inflammatory_response_syndrome
KLC3,3.342303514675435,8.26992948607944e-12,up_in_disease,Systemic_inflammatory_response_syndrome
OTOF,6.958349503436714,3.678524130910105e-32,up_in_disease,Systemic_lupus_erythematosus
IFI44L,5.19511317863949,6.294331577592463e-29,up_in_disease,Systemic_lupus_erythematosus
IFI27,6.853775158431456,2.8309297999101556e-28,up_in_disease,Systemic_lupus_erythematosus
EIF2AK2,1.6995549516593973,1.71353086125841e-26,up_in_disease,Systemic_lupus_erythematosus
SP100,0.8314604193310029,3.5671013245609243e-26,up_in_disease,Systemic_lupus_erythematosus
SPATS2L,1.9770796843245504,4.883238597338975e-26,up_in_disease,Systemic_lupus_erythematosus
CEACAM1,1.359182877676793,9.316238864624468e-26,up_in_disease,Systemic_lupus_erythematosus
SIGLEC1,4.6461367017764745,2.129141496113104e-25,up_in_disease,Systemic_lupus_erythematosus
HBB,1.680397095825529,6.558053426922751e-25,up_in_disease,Systemic_lupus_erythematosus
JAK2,0.7159366064389305,6.9200361127886365e-25,up_in_disease,Systemic_lupus_erythematosus
TRIM22,1.294232409625541,6.9200361127886365e-25,up_in_disease,Systemic_lupus_erythematosus
PARP9,1.299362000024988,8.83096402200167e-25,up_in_disease,Systemic_lupus_erythematosus
SAMD9L,1.4733673644467693,9.084932652782002e-25,up_in_disease,Systemic_lupus_erythematosus
IFI44,4.304657652176704,2.65999778378673e-24,up_in_disease,Systemic_lupus_erythematosus
RSAD2,4.7835956936162685,3.3638272183617315e-24,up_in_disease,Systemic_lupus_erythematosus
EPSTI1,2.3154165757989253,3.483732524126914e-24,up_in_disease,Systemic_lupus_erythematosus
USP18,2.796198677262083,2.55331871296636e-23,up_in_disease,Systemic_lupus_erythematosus
IFI27,6.565812748390264,7.411421997985997e-23,up_in_disease,Systemic_lupus_erythematosus
XAF1,1.8948746999654669,8.607321129151934e-23,up_in_disease,Systemic_lupus_erythematosus
IFIT5,1.7039785037735566,1.8922574007507488e-22,up_in_disease,Systemic_lupus_erythematosus
USP18,4.28560195564133,2.0765708321707653e-22,up_in_disease,Systemic_lupus_erythematosus
TDRD7,1.0235695173026675,2.1846305920585576e-22,up_in_disease,Systemic_lupus_erythematosus
DDX58,1.4102357233343492,2.4533134395122155e-22,up_in_disease,Systemic_lupus_erythematosus
DDX60,1.835226950012516,2.4533134395122155e-22,up_in_disease,Systemic_lupus_erythematosus
RTP4,1.876881002964408,3.5534838837729817e-22,up_in_disease,Systemic_lupus_erythematosus
OPRD1,0.980311191711127,3.5860647477766372e-22,up_in_disease,Systemic_lupus_erythematosus
SMTNL1,1.7414156890138508,3.5860647477766372e-22,up_in_disease,Systemic_lupus_erythematosus
ACO1,1.33935895896695,4.26354281489615e-22,up_in_disease,Systemic_lupus_erythematosus
SAT1,0.902803726025796,5.342478640119806e-22,up_in_disease,Systemic_lupus_erythematosus
IFIH1,1.4629486760318338,6.953882479408907e-22,up_in_disease,Systemic_lupus_erythematosus
IFIT3,2.2802043846484605,6.953882479408907e-22,up_in_disease,Systemic_lupus_erythematosus
APOBEC3A,1.1318466028867769,7.558533202170059e-22,up_in_disease,Systemic_lupus_erythematosus
IFI27,4.581240662725574,1.3203869604320584e-21,up_in_disease,Systemic_lupus_erythematosus
CARD17,1.8732264498428608,1.353114506850691e-21,up_in_disease,Systemic_lupus_erythematosus
OAS1,2.268052186227669,1.452442507765493e-21,up_in_disease,Systemic_lupus_erythematosus
IFIT2,1.864107531639892,1.6023053947767804e-21,up_in_disease,Systemic_lupus_erythematosus
DDX60L,1.3443707216276548,1.929316907502279e-21,up_in_disease,Systemic_lupus_erythematosus
SMTNL1,3.684310299847088,2.1455307590581327e-21,up_in_disease,Systemic_lupus_erythematosus
DTX3L,0.9197734807625652,2.670058478006207e-21,up_in_disease,Systemic_lupus_erythematosus
HERC6,1.5694432264436045,3.4381923864244766e-21,up_in_disease,Systemic_lupus_erythematosus
SLFN12,0.8581511876434202,3.4381923864244766e-21,up_in_disease,Systemic_lupus_erythematosus
IFI16,1.0335856612981882,4.3941419864994216e-21,up_in_disease,Systemic_lupus_erythematosus
TNFSF10,1.0694475389622349,4.3941419864994216e-21,up_in_disease,Systemic_lupus_erythematosus
IFI44,2.61616221624446,5.753954536231665e-21,up_in_disease,Systemic_lupus_erythematosus
IFIT1,3.880264507844054,7.210649841570687e-21,up_in_disease,Systemic_lupus_erythematosus
KIAA1958,1.205004193951292,8.025059756173892e-21,up_in_disease,Systemic_lupus_erythematosus
IFITM1,1.1093006048220817,1.3859053981513482e-20,up_in_disease,Systemic_lupus_erythematosus
OAS2,1.984783762405505,1.8180169489317766e-20,up_in_disease,Systemic_lupus_erythematosus
HERC5,2.202857959928418,1.9200646267440267e-20,up_in_disease,Systemic_lupus_erythematosus
IFIT1,2.5884200613310613,2.4031962235417342e-20,up_in_disease,Systemic_lupus_erythematosus
HLA-DRB5,-6.021370744186381,1.4578040027588758e-17,up_in_healthy,Type_1_diabetes_mellitus
APOOL,2.110275062561799,2.036677945914281e-09,up_in_disease,Type_1_diabetes_mellitus
GMFB,1.083101296443527,2.989538836699519e-08,up_in_disease,Type_1_diabetes_mellitus
GPM6A,2.500916681410579,1.4567466883800731e-06,up_in_disease,Type_1_diabetes_mellitus
HLA-DQB2,-1.3985588705839025,1.3141972280016742e-05,up_in_healthy,Type_1_diabetes_mellitus
KLLN,1.3904034742129132,1.3141972280016742e-05,up_in_disease,Type_1_diabetes_mellitus
NDUFA5,0.586842284317604,3.810708123758436e-05,up_in_disease,Type_1_diabetes_mellitus
LCMT2,0.6511736354949998,5.4694700305695055e-05,up_in_disease,Type_1_diabetes_mellitus
MZT2B,1.138276820554942,5.4694700305695055e-05,up_in_disease,Type_1_diabetes_mellitus
DLX6,-1.839691885683588,5.573500974603748e-05,up_in_healthy,Type_1_diabetes_mellitus
GPR85,1.35522325796107,5.573500974603748e-05,up_in_disease,Type_1_diabetes_mellitus
LIME1,1.9420831321552947,5.573500974603748e-05,up_in_disease,Type_1_diabetes_mellitus
SEMA6B,1.5651261419548466,5.573500974603748e-05,up_in_disease,Type_1_diabetes_mellitus
TP53INP2,-0.5934536901446174,5.573500974603748e-05,up_in_healthy,Type_1_diabetes_mellitus
AC006386.1,1.497504477029994,6.092070743222043e-05,up_in_disease,Type_1_diabetes_mellitus
AC012005.3,1.497504477029994,6.092070743222043e-05,up_in_disease,Type_1_diabetes_mellitus
AXL,0.9154408488689156,7.378605187583963e-05,up_in_disease,Type_1_diabetes_mellitus
TPGS1,1.7592587643092517,8.504711313292894e-05,up_in_disease,Type_1_diabetes_mellitus
ALPK1,-0.602824448173542,8.540504532827804e-05,up_in_healthy,Type_1_diabetes_mellitus
ABHD17A,1.4930185579779538,9.438833033723342e-05,up_in_disease,Type_1_diabetes_mellitus
CCDC91,0.5855582677746317,0.0001101813549403,up_in_disease,Type_1_diabetes_mellitus
EYA1,1.4515037656633938,0.0001182760990074,up_in_disease,Type_1_diabetes_mellitus
MIF,1.357654558441234,0.0001196391263375,up_in_disease,Type_1_diabetes_mellitus
DAW1,1.1789743146112217,0.0001251361010026,up_in_disease,Type_1_diabetes_mellitus
GLI1,-0.788466469227617,0.0001251361010026,up_in_healthy,Type_1_diabetes_mellitus
PDGFA,1.595342081903517,0.0001254242075129,up_in_disease,Type_1_diabetes_mellitus
GP1BB,2.829073792253649,0.0001370033110258,up_in_disease,Type_1_diabetes_mellitus
CADM1,0.799326404718486,0.000152327436322,up_in_disease,Type_1_diabetes_mellitus
PPM1N,0.8175610671265414,0.000152327436322,up_in_disease,Type_1_diabetes_mellitus
C4orf48,1.3901138293637243,0.0001742782390453,up_in_disease,Type_1_diabetes_mellitus
LRTM1,1.8575494970938944,0.0001830825068929,up_in_disease,Type_1_diabetes_mellitus
NOG,0.8061806032622426,0.0001830825068929,up_in_disease,Type_1_diabetes_mellitus
OAZ1,0.6418776468072398,0.0001830825068929,up_in_disease,Type_1_diabetes_mellitus
ZNF414,0.853148207990305,0.0001830825068929,up_in_disease,Type_1_diabetes_mellitus
CCDC85B,1.0687699804597766,0.000190506151015,up_in_disease,Type_1_diabetes_mellitus
ANXA9,-0.650375873916159,0.0001987841584922,up_in_healthy,Type_1_diabetes_mellitus
RPL8,1.2007718596937769,0.0002110145683688,up_in_disease,Type_1_diabetes_mellitus
SLITRK2,1.8595632322308289,0.0002110145683688,up_in_disease,Type_1_diabetes_mellitus
TRAJ53,1.4871165450539623,0.0002832104455465,up_in_disease,Type_1_diabetes_mellitus
KLK4,-1.264831172920822,0.0002839184688298,up_in_healthy,Type_1_diabetes_mellitus
EMX2,1.542757872134024,0.0003335635636636,up_in_disease,Type_1_diabetes_mellitus
BEAN1,-0.9091977250888048,0.0003539230066012,up_in_healthy,Type_1_diabetes_mellitus
CCDC30,0.8667272768526917,0.0003539230066012,up_in_disease,Type_1_diabetes_mellitus
PITX1,1.210788449517504,0.0003539230066012,up_in_disease,Type_1_diabetes_mellitus
DPP6,1.5446087435623446,0.0003668461027096,up_in_disease,Type_1_diabetes_mellitus
TMEM121,1.5944328530038543,0.0003812014447661,up_in_disease,Type_1_diabetes_mellitus
SDPR,0.6190214195917542,0.0003848858398357,up_in_disease,Type_1_diabetes_mellitus
CAMK2B,1.5943829745917506,0.0004447020408341,up_in_disease,Type_1_diabetes_mellitus
SCUBE1,0.7375170610726062,0.0004767384112061,up_in_disease,Type_1_diabetes_mellitus
NOX1,0.8985526964643177,0.0005428088724638,up_in_disease,Type_1_diabetes_mellitus
BZRAP1,-1.8059731950250733,1.0805732203479979e-10,up_in_healthy,Ulcerative_colitis
TRGC1,-1.6283366034201416,1.0805732203479979e-10,up_in_healthy,Ulcerative_colitis
PAPSS1,0.9052981920240286,2.1189110047688456e-10,up_in_disease,Ulcerative_colitis
ERBB2,-1.7376185491648664,2.9302015540251757e-10,up_in_healthy,Ulcerative_colitis
TBC1D3F,-21.95748388575289,3.2973912483381406e-10,up_in_healthy,Ulcerative_colitis
DTHD1,-1.9327210155357093,1.6498556166111495e-09,up_in_healthy,Ulcerative_colitis
NCR3,-1.573605475142588,1.6498556166111495e-09,up_in_healthy,Ulcerative_colitis
DNASE1L3,-1.6817321762353437,2.6426481131398587e-09,up_in_healthy,Ulcerative_colitis
PRF1,-1.7265393280085497,3.263642358621538e-09,up_in_healthy,Ulcerative_colitis
FASLG,-1.5248788451133215,7.175893471294339e-09,up_in_healthy,Ulcerative_colitis
TRAV1-2,-1.656424182434476,7.946554718409904e-09,up_in_healthy,Ulcerative_colitis
ADAMTS2,6.856645830405119,9.041777910645116e-09,up_in_disease,Ulcerative_colitis
SLC4A10,-1.9625837949658893,9.041777910645116e-09,up_in_healthy,Ulcerative_colitis
CD177,6.788676761936689,2.5819871738005173e-08,up_in_disease,Ulcerative_colitis
LTK,-1.644695014394124,2.6185861995649804e-08,up_in_healthy,Ulcerative_colitis
AGAP1,-1.7118966170296177,6.190140362345615e-08,up_in_healthy,Ulcerative_colitis
CXCR6,-1.2974284674274132,6.190140362345615e-08,up_in_healthy,Ulcerative_colitis
ELOVL7,1.55469462287547,6.190140362345615e-08,up_in_disease,Ulcerative_colitis
ADGRG1,-1.7953233717846009,6.97345041212778e-08,up_in_healthy,Ulcerative_colitis
NMUR1,-1.8882526585638624,1.1133495276349385e-07,up_in_healthy,Ulcerative_colitis
BMX,2.955001843500696,1.2151738775380836e-07,up_in_disease,Ulcerative_colitis
GZMB,-1.583512720946832,1.2151738775380836e-07,up_in_healthy,Ulcerative_colitis
RNF11,1.2777586928856366,1.2151738775380836e-07,up_in_disease,Ulcerative_colitis
TBX21,-1.5137648388918572,1.2151738775380836e-07,up_in_healthy,Ulcerative_colitis
C1orf21,-1.4914089581947227,1.293367929709482e-07,up_in_healthy,Ulcerative_colitis
OLAH,4.846095180059671,1.293367929709482e-07,up_in_disease,Ulcerative_colitis
BRF1,-0.6041597868343528,1.535355380360175e-07,up_in_healthy,Ulcerative_colitis
CACNA2D2,-1.8125760931894648,1.61733690795654e-07,up_in_healthy,Ulcerative_colitis
SH2D2A,-1.3310208790691012,2.0068204447938698e-07,up_in_healthy,Ulcerative_colitis
CIB2,-1.1196332381547804,2.421948989376512e-07,up_in_healthy,Ulcerative_colitis
SOX13,-1.5538305048696663,2.421948989376512e-07,up_in_healthy,Ulcerative_colitis
TRDC,-1.456433929363173,2.792201186197675e-07,up_in_healthy,Ulcerative_colitis
INSIG2,0.7074477990038374,2.888049297278645e-07,up_in_disease,Ulcerative_colitis
DLG5,-1.905373041245505,2.984214198958824e-07,up_in_healthy,Ulcerative_colitis
FEM1C,1.0592464653301858,3.399072475674806e-07,up_in_disease,Ulcerative_colitis
AUTS2,-1.4284996016601117,3.5160818584627257e-07,up_in_healthy,Ulcerative_colitis
ADA,-0.625252925195908,4.24559827121265e-07,up_in_healthy,Ulcerative_colitis
ST6GALNAC3,1.940050004565544,4.24559827121265e-07,up_in_disease,Ulcerative_colitis
TMEM30A,0.7602266231608104,4.24559827121265e-07,up_in_disease,Ulcerative_colitis
B3GNT2,0.9774579917357564,4.259584092807385e-07,up_in_disease,Ulcerative_colitis
HS2ST1,0.6349395129050311,4.259584092807385e-07,up_in_disease,Ulcerative_colitis
HP,4.424105179590923,4.274247079392692e-07,up_in_disease,Ulcerative_colitis
GYG1,2.4602991780195325,4.374333116334665e-07,up_in_disease,Ulcerative_colitis
MCEMP1,3.620216632392789,4.374333116334665e-07,up_in_disease,Ulcerative_colitis
MTMR6,0.8215670958268537,4.374333116334665e-07,up_in_disease,Ulcerative_colitis
NECAB1,3.4695855469576995,4.374333116334665e-07,up_in_disease,Ulcerative_colitis
ADAM12,-1.5800325236977315,4.3843133682043364e-07,up_in_healthy,Ulcerative_colitis
GCA,2.069993099039723,5.176559670505371e-07,up_in_disease,Ulcerative_colitis
SEPT14,1.9385172375018056,5.336335360179855e-07,up_in_disease,Ulcerative_colitis
ACTR2,0.8357080441232775,5.830995288736482e-07,up_in_disease,Ulcerative_colitis
